"Term","Overlap","P.value","Adjusted.P.value","Old.P.value","Old.Adjusted.P.value","Odds.Ratio","Combined.Score","Genes"
"apigenin-1321","2/100",0.00249083430520832,0.0644058584632436,0,0,31.2197802197802,187.166877082159,"HCK;MNDA"
"monorden-493","2/100",0.00249083430520832,0.0644058584632436,0,0,31.2197802197802,187.166877082159,"FCN1;PLEK"
"estradiol-1182","2/100",0.00249083430520832,0.0644058584632436,0,0,31.2197802197802,187.166877082159,"BIN2;FGL2"
"netilmicin-2963","2/100",0.00249083430520832,0.0644058584632436,0,0,31.2197802197802,187.166877082159,"FGL2;S100A12"
"valproic acid-410","2/100",0.00249083430520832,0.0644058584632436,0,0,31.2197802197802,187.166877082159,"FGL2;MNDA"
"tropicamide-2347","2/100",0.00249083430520832,0.0644058584632436,0,0,31.2197802197802,187.166877082159,"FGL2;NKG7"
"vorinostat-6179","2/100",0.00249083430520832,0.0644058584632436,0,0,31.2197802197802,187.166877082159,"FGL2;LCP2"
