"Term","Overlap","P.value","Adjusted.P.value","Old.P.value","Old.Adjusted.P.value","Odds.Ratio","Combined.Score","Genes"
"ascorbic acid-1610","2/100",0.00249083430520832,0.0724552331756038,0,0,31.2197802197802,187.166877082159,"BIN2;ARHGAP15"
"sitosterol-2912","2/100",0.00249083430520832,0.0724552331756038,0,0,31.2197802197802,187.166877082159,"GPR65;CD37"
"ribostamycin-2705","2/100",0.00249083430520832,0.0724552331756038,0,0,31.2197802197802,187.166877082159,"GPR65;CD37"
