"Term","Overlap","P.value","Adjusted.P.value","Old.P.value","Old.Adjusted.P.value","Odds.Ratio","Combined.Score","Genes"
"vorinostat-1161","2/100",0.00186242805035638,0.0419046311330184,0,0,36.899814471243,231.947593213754,"LCP2;EVI2B"
"trichostatin A-1175","2/100",0.00186242805035638,0.0419046311330184,0,0,36.899814471243,231.947593213754,"LCP2;EVI2B"
