"Term","Overlap","P.value","Adjusted.P.value","Old.P.value","Old.Adjusted.P.value","Odds.Ratio","Combined.Score","Genes"
"ornidazole-1425","2/100",0.00216576516004231,0.0677909321684321,0,0,33.8231292517007,207.504274169846,"NFE2;MGAM"
"naltrexone-1363","2/100",0.00216576516004231,0.0677909321684321,0,0,33.8231292517007,207.504274169846,"NFE2;MGAM"
"trifluoperazine-2684","2/100",0.00216576516004231,0.0677909321684321,0,0,33.8231292517007,207.504274169846,"NFE2;PADI2"
