"Term","Overlap","P.value","Adjusted.P.value","Old.P.value","Old.Adjusted.P.value","Odds.Ratio","Combined.Score","Genes"
"Simvastatin-15 mg/kg in Corn Oil-Rat-Liver-5d-up","3/291",0.0189400404515064,0.519929321688381,0,0,5.69241898148148,22.5788492800845,"GPR176;SYT11;PERP"
"Simvastatin-15 mg/kg in Corn Oil-Rat-Liver-3d-up","3/293",0.0192832875664471,0.519929321688381,0,0,5.65258620689655,22.3193298344046,"GPR176;SYT11;PERP"
"Norethindrone-0.08 mg/kg in Corn Oil-Rat-Liver-0.25d-up","3/294",0.0194562100633937,0.519929321688381,0,0,5.63287514318442,22.1912128195992,"GPR176;SYT11;PERP"
"Simvastatin-15 mg/kg in Corn Oil-Rat-Liver-0.25d-up","3/318",0.0238667264653807,0.519929321688381,0,0,5.1973544973545,19.4135222717659,"GPR176;SYT11;PERP"
"Valproic Acid-235 mg/kg in Water-Rat-Liver-5d-up","3/319",0.0240613621987666,0.519929321688381,0,0,5.18064345991561,19.3090246683921,"GPR176;SYT11;PERP"
"Leflunomide-30 mg/kg in Corn Oil-Rat-Liver-1d-up","3/321",0.0244532428257221,0.519929321688381,0,0,5.14753668763103,19.1024697372965,"GPR176;SYT11;PERP"
"Valproic Acid-1340 mg/kg in Water-Rat-Liver-0.25d-up","3/326",0.0254481635887522,0.519929321688381,0,0,5.06656346749226,18.5999204050605,"GPR176;SYT11;PERP"
"Hydroxyurea-400 mg/kg in Saline-Rat-Liver-1d-up","3/379",0.037325898093956,0.519929321688381,0,0,4.34064716312057,14.2723424911075,"GPR176;SYT11;PERP"
