"Term","Overlap","P.value","Adjusted.P.value","Old.P.value","Old.Adjusted.P.value","Odds.Ratio","Combined.Score","Genes"
"Diethylstilbestrol-280 mg/kg in Corn Oil-Rat-Spleen-1d-up","2/295",0.0345893547668561,0.315185057213854,0,0,7.46568069776261,25.1161125085648,"LCK;ATM"
"Ferulic Acid-1500 mg/kg in CMC-Rat-Liver-5d-up","2/304",0.0365402472654233,0.315185057213854,0,0,7.23988226637233,23.9592389374728,"LCK;SLC27A2"
"Itraconazole-1093 mg/kg in Corn Oil-Rat-Liver-0.25d-up","2/315",0.0389819710529721,0.315185057213854,0,0,6.98154064607739,22.652697889173,"ICA1;SLC27A2"
"Leflunomide-60 mg/kg in Corn Oil-Rat-Spleen-1d-up","2/317",0.0394325837936189,0.315185057213854,0,0,6.93650793650794,22.4268594542422,"LCK;ATM"
"Cyclosporin A-70 mg/kg in Corn Oil-Rat-Spleen-1d-up","2/325",0.0412552198338909,0.315185057213854,0,0,6.76195390436876,21.5569578010135,"LCK;ATM"
"Diethylstilbestrol-2.8 mg/kg in Corn Oil-Rat-Spleen-1d-up","2/329",0.0421785234594859,0.315185057213854,0,0,6.67787971457696,21.1411261633268,"LCK;ATM"
