"Term","Overlap","P.value","Adjusted.P.value","Old.P.value","Old.Adjusted.P.value","Odds.Ratio","Combined.Score","Genes"
"S(-)-Carbidopa-1200 mg/kg in CMC-Rat-Brain-3d-up","3/306",0.0201604581669218,0.509597548205075,0,0,5.56124469589816,21.7112778615919,"KLF7;MARCKSL1;CACNA2D3"
"2378-Tetrachlorodibenzo-P-Dioxin-0.0007 mg/kg in CMC-Rat-Liver-5d-up","3/310",0.0208560493544535,0.509597548205075,0,0,5.48766868310842,21.2378882294749,"VNN1;IL1RAP;F5"
"N-Nitrosodiethylamine-34 mg/kg in Saline-Rat-Bone marrow-3d-up","3/313",0.0213863930124761,0.509597548205075,0,0,5.43373271889401,20.8927044761471,"CDA;KLF7;F5"
"Dipyrone-1636 mg/kg in Water-Rat-Liver-3d-up","3/316",0.0219241560189403,0.509597548205075,0,0,5.38083067092652,20.5556676478538,"VNN1;P2RY2;IL1RAP"
"Atorvastatin-2.5 mg/kg in Corn Oil-Rat-Liver-1d-up","3/329",0.0243402662492177,0.509597548205075,0,0,5.16283961437336,19.1831669212855,"VNN1;IL1RAP;F5"
"Phenylhydrazine-78 mg/kg in Water-Rat-Liver-3d-up","3/335",0.0255024400000711,0.509597548205075,0,0,5.06798623063683,18.5943459239247,"P2RY2;IL1RAP;F5"
"N-Nitrosodiethylamine-34 mg/kg in Saline-Rat-Bone marrow-1d-up","3/337",0.0258964335777633,0.509597548205075,0,0,5.03712574850299,18.4038945890323,"CDA;KLF7;F5"
"Prinomastat-500 uM in DMSO-Rat-Primary rat hepatocytes-1d-dn","3/340",0.0264936118223341,0.509597548205075,0,0,4.99152183128444,18.1234752190215,"MARCKSL1;IL1RAP;F5"
"Atorvastatin-250 uM in DMSO-Rat-Primary rat hepatocytes-1d-dn","3/345",0.027505403178457,0.509597548205075,0,0,4.91729323308271,17.6696678241556,"MARCKSL1;IL1RAP;F5"
"Lithocholic Acid-74 uM in DMSO-Rat-Primary rat hepatocytes-1d-dn","3/352",0.0289565201234909,0.509597548205075,0,0,4.81694637740483,17.0614308136801,"MARCKSL1;IL1RAP;F5"
