"Term","Overlap","P.value","Adjusted.P.value","Old.P.value","Old.Adjusted.P.value","Odds.Ratio","Combined.Score","Genes"
"LY-294002-6195","2/100",0.00249083430520832,0.0724552331756038,0,0,31.2197802197802,187.166877082159,"CTSG;CD1C"
"tretinoin-6170","2/100",0.00249083430520832,0.0724552331756038,0,0,31.2197802197802,187.166877082159,"CTSG;CD1C"
"trifluoperazine-6183","2/100",0.00249083430520832,0.0724552331756038,0,0,31.2197802197802,187.166877082159,"CTSG;CD1C"
"LY-294002-6198","2/100",0.00249083430520832,0.0724552331756038,0,0,31.2197802197802,187.166877082159,"CTSG;CD1C"
"prochlorperazine-6174","2/100",0.00249083430520832,0.0724552331756038,0,0,31.2197802197802,187.166877082159,"CTSG;CD1C"
