"Term","Overlap","P.value","Adjusted.P.value","Old.P.value","Old.Adjusted.P.value","Odds.Ratio","Combined.Score","Genes"
"hydrocortisone homo sapiens gpl201 gse21909 chdir up","3/1270",0.00736676239052117,1,0,0,6.74915635545557,33.1436015637069,"ADORA3;CCRL2;MERTK"
"nicotine mus musculus gpl1261 gse31004 chdir up","3/1917",0.0229013459077673,1,0,0,4.47127207690588,16.8860254723187,"MGAT4A;APOC2;C2"
"valproic acid homo sapiens gpl570 gse14973 chdir up","2/715",0.0237828669777886,1,0,0,7.99200799200799,29.8804382211539,"MGAT4A;MERTK"
"rosiglitazone mus musculus gpl81 gds1808 chdir up","1/85",0.0293775292387814,1,0,0,33.6134453781513,118.572275915247,"APOC2"
"everolimus mus musculus gpl6885 gse37129 chdir down","1/102",0.0351634020883028,1,0,0,28.0112044817927,93.7744944161201,"C2"
"doxorubicin homo sapiens gpl570 gse11940 chdir down","1/134",0.0459742965041298,1,0,0,21.3219616204691,65.6646654651056,"C2"
"isoproterenol hydrochloride rattus norvegicus gpl1355 gse7999 chdir up","1/136",0.0466465158518437,1,0,0,21.0084033613445,64.3940554930579,"CCRL2"
"cisplatin dictyostelium discoideum gpl5382 gse8287 chdir down","1/141",0.0483252883534015,1,0,0,20.2634245187437,61.394129421364,"SLCO2B1"
