"Term","Overlap","P.value","Adjusted.P.value","Old.P.value","Old.Adjusted.P.value","Odds.Ratio","Combined.Score","Genes"
"ethanol homo sapiens gpl96 gds2767 chdir down","2/312",0.00812296610689943,1,0,0,14.2450142450142,68.5621069431286,"MGAM;F5"
"fluorouracil homo sapiens gpl550 mcf-7 gds1627 chdir down","1/34",0.0151992604555412,1,0,0,65.359477124183,273.628006964332,"FPR2"
"hydrocortisone homo sapiens gpl201 gse21909 chdir up","3/1270",0.0160640347016703,1,0,0,5.249343832021,21.6859442270951,"MGAM;FOLR3;LILRA3"
"tamoxifen homo sapiens gpl6480 gse12665 chdir down","1/73",0.032380640930727,1,0,0,30.441400304414,104.419925019709,"SIGLEC5"
"fluorouracil homo sapiens gpl550 zr-75-1 gds1627 chdir down","1/99",0.0436863649787728,1,0,0,22.4466891133558,70.2742814766079,"FPR2"
"nicotine myzus persicae gpl9470 gse18658 chdir up","2/808",0.0485973113889974,1,0,0,5.5005500550055,16.6346923587459,"F5;SIGLEC5"
"permethrin rattus norvegicus gpl1355 gds2998 chdir down","1/111",0.0488646736322356,1,0,0,20.02002002002,60.4344457293594,"F5"
"decitabine homo sapiens gpl96 gse19610 chdir down","1/112",0.0492950722094505,1,0,0,19.8412698412698,59.720856311764,"LILRA3"
