"Term","Overlap","P.value","Adjusted.P.value","Old.P.value","Old.Adjusted.P.value","Odds.Ratio","Combined.Score","Genes"
"hydrocortisone homo sapiens gpl201 gse21909 chdir up","6/1270",0.000298343412126499,0.208243701664297,0,0,5.90551181102362,47.9366063696689,"KLRB1;GNLY;GZMA;GZMB;NKG7;CD247"
"decitabine homo sapiens gpl96 gse19610 chdir up","2/56",0.000901034677445669,0.314461102428538,0,0,44.6428571428571,313.034232739532,"GZMA;CCR7"
"ethanol homo sapiens gpl96 gds2767 chdir down","3/312",0.00181098899250677,0.421356772256575,0,0,12.0192307692308,75.8880069498705,"GZMB;NKG7;TARP"
"sirolimus homo sapiens gpl8300 gds3603 chdir up","5/1225",0.00211418490416463,0.368925265776727,0,0,5.10204081632653,31.4239078003408,"KLRB1;GNLY;GZMB;NKG7;CD247"
"rituximab homo sapiens gpl570 gds3829 chdir down","2/191",0.00996978180647199,1,0,0,13.0890052356021,60.3167091656505,"KLRB1;TARP"
"irinotecan rattus norvegicus gpl1355 gds3466 chdir down","2/313",0.0253515276336633,1,0,0,7.98722044728434,29.3523665261792,"GZMA;GZMB"
"prednisolone homo sapiens gpl570 gse32962 chdir down","3/845",0.0278893308558464,1,0,0,4.43786982248521,15.8854041563226,"GZMA;NKG7;TARP"
"vorinostat homo sapiens gpl6884 gse46703 chdir down","1/36",0.0284247822669754,1,0,0,34.7222222222222,123.628260391937,"GNLY"
"pioglitazone mus musculus gpl6246 gse37533 chdir up","1/62",0.048480843602201,1,0,0,20.1612903225806,61.0198898455035,"GIMAP4"
