"Term","Overlap","P.value","Adjusted.P.value","Old.P.value","Old.Adjusted.P.value","Odds.Ratio","Combined.Score","Genes"
"ethanol homo sapiens gpl96 gds2767 chdir down","5/312",1.59592711050929e-06,0.00111395712313548,0,0,22.8937728937729,305.587356458025,"MGAM;IL18RAP;TNFRSF10C;FFAR2;LILRA2"
"tocilizumab homo sapiens gpl6244 gse25160 chdir down","4/176",5.41507405788288e-06,0.00188986084620113,0,0,32.4675324675325,393.711818219876,"MGAM;CXCR1;TNFRSF10C;FFAR2"
"bleomycin mus musculus gpl6885 gse37635 chdir up","2/132",0.00373482538577275,0.868969373089793,0,0,21.6450216450216,120.996844421804,"CXCR1;SLC11A1"
"valproic acid mus musculus gpl6885 gse35291 chdir up","3/498",0.00455168342796938,0.794268758180656,0,0,8.60585197934595,46.4049753035925,"SLC11A1;FFAR2;FPR2"
"hydrocortisone homo sapiens gpl201 gse21909 chdir up","4/1270",0.0096874290269146,1,0,0,4.49943757030371,20.8635600026254,"NFE2;MGAM;IL18RAP;SLC11A1"
"imatinib homo sapiens gpl96 gds3044 chdir up","7/4149",0.0141775472271695,1,0,0,2.41021932995903,10.2581242394467,"NFE2;IL18RAP;CXCR1;PTAFR;FPR2;LILRA2;LILRA5"
"fluorouracil homo sapiens gpl550 mcf-7 gds1627 chdir down","1/34",0.0235461938251205,1,0,0,42.0168067226891,157.512230781335,"FPR2"
"arsenic trioxide homo sapiens gpl201 gse48441 chdir up","6/3998",0.043699400142675,1,0,0,2.14392910741085,6.71140049386203,"MGAM;IL18RAP;SLC11A1;PTAFR;TNFRSF10C;FFAR2"
