"","Term","Overlap","P.value","Adjusted.P.value","Old.P.value","Old.Adjusted.P.value","Odds.Ratio","Combined.Score","Genes","%DisGeNet","num_DisGeNet","%NCG","num_NCG","%DEGs","num_DEGs"
"1","hydrocortisone homo sapiens gpl201 gse21909 chdir up","18/1270",6.02562738030416e-07,0.00042058879114523,0,0,3.83060225579911,54.8621691540433,"CCL22;PROS1;HDC;HIST1H2BK;TNFAIP3;CXCR4;NKG7;G0S2;CST7;SAMSN1;CORO1A;ISG20;SLC7A5;IL18RAP;PLAU;ADORA3;CLC;IL18R1",5.55555555555556,1,0,0,100,18
"2","rosiglitazone homo sapiens gpl570 gds2453 chdir up","9/366",8.08596057024832e-06,0.00282200023901666,0,0,6.64599025254763,77.926769581677,"LAMP3;QPCT;HIST1H2BK;ICAM3;CAMK1;SAMSN1;CD1B;IER3;BIRC3",0,0,0,0,100,9
"3","cholecalciferol mus musculus gpl339 gse18993 chdir down","5/119",7.95496043813383e-05,0.018508541286058,0,0,11.3558937088349,107.189754444701,"CEACAM1;MLPH;SMOX;DDIT4;TGM2",0,0,0,0,100,5
"4","arsenic trioxide homo sapiens gpl201 gse48441 chdir up","29/3998",0.000110488274953253,0.0192802039793427,0,0,1.96043967929911,17.8607839999761,"HDC;HIST1H2BK;TNFAIP3;FHL3;ENO2;CST7;CORO1A;IL18RAP;ADORA3;LAMP3;CCR7;FFAR2;IER3;KCNH2;TKTL1;MARCKSL1;CHST7;LAMB3;G0S2;ISG20;SLC7A5;TNIP1;QPCT;PELI1;TRIB3;ADAM8;PTPN7;BIRC3;SIGLEC5",3.44827586206897,1,0,0,100,29
"5","tretinoin mus musculus gpl1261 gds4294 chdir up","7/375",0.000471384646318457,0.0470037833043262,0,0,5.04504504504505,38.6442183558012,"ZDHHC18;PELI1;ARAP3;CXCR4;G0S2;CAMK1;TGM2",0,0,0,0,100,7
"6","tocilizumab homo sapiens gpl6244 gse25160 chdir down","5/176",0.000491706054703056,0.0429013532728416,0,0,7.67813267813268,58.4891697620297,"SMOX;PROS1;HIST1H2BK;G0S2;FFAR2",0,0,0,0,100,5
"7","valproic acid mus musculus gpl6885 gse35291 chdir up","8/498",0.000498612954240383,0.0386702046733097,0,0,4.34169108867904,33.0128314598247,"PLAU;SMOX;QPCT;FFAR2;EVL;ADAM8;CAMK1;TGM2",12.5,1,0,0,100,8
"8","doxorubicin homo sapiens gpl10558 gse42531 chdir down","13/1265",0.000686479383328238,0.047916260956311,0,0,2.7774810383506,20.2309895827548,"HIST2H2AA3;HIST1H2BK;TNFAIP3;ICAM3;CXCR4;SLC16A10;ISG20;TNIP1;LAMP3;CA4;NINJ1;IER3;BIRC3",7.69230769230769,1,0,0,100,13
