"Term","Overlap","P.value","Adjusted.P.value","Old.P.value","Old.Adjusted.P.value","Odds.Ratio","Combined.Score","Genes"
"arsenic trioxide homo sapiens gpl201 gse48441 chdir up","21/3998",0.000222960598259989,0.155626497585472,0,0,2.14392910741085,18.0272611124119,"BATF3;GPR15;CD72;IL15;CD80;ZBTB32;TRAF1;IKZF2;ASCL1;SPIB;S100A6;CD28;TNFRSF8;TNFSF9;PIP5K1B;MSC;FCGR2B;EPHB1;SKAP1;ITM2B;CMKLR1"
"hydrocortisone homo sapiens gpl201 gse21909 chdir up","9/1270",0.0033406466289586,1,0,0,2.89249558090953,16.4918264513017,"SPIB;SIT1;ZBTB32;BTK;SLCO5A1;PIP5K1B;FCGR2B;DNASE1L3;IL18R1"
"dexamethasone homo sapiens gpl570 gse33135 chdir up","4/257",0.00358559871364462,0.834249300707981,0,0,6.3527356467879,35.7711732783206,"CD72;UGT2B17;IKZF2;IL18R1"
"doxorubicin mus musculus gpl8321 gse17115 chdir down","3/133",0.0042369226016802,0.739342993993196,0,0,9.20669019487494,50.3046009644027,"CD72;CD80;CD28"
"estradiol homo sapiens gpl96 gse1045 chdir up","2/82",0.0172397609490781,1,0,0,9.95520159283226,40.4234632145891,"S100A6;ITM2B"
"irinotecan rattus norvegicus gpl1355 gds3466 chdir down","3/313",0.0412369537232089,1,0,0,3.91210797418009,12.4734452224158,"IL15;FCGR2B;IL18R1"
"dexamethasone homo sapiens gpl8300 gse8546 chdir up","2/134",0.0426962874820762,1,0,0,6.09198903441974,19.211960443138,"PIP5K1B;ITM2B"
"troglitazone mus musculus gpl81 gds734 chdir down","2/138",0.0450162586142552,1,0,0,5.91540964211772,18.3420973198868,"S100A6;ITM2B"
