"Term","Overlap","P.value","Adjusted.P.value","Old.P.value","Old.Adjusted.P.value","Odds.Ratio","Combined.Score","Genes"
"imatinib homo sapiens gpl96 gds3044 chdir up","13/4149",0.00604496344285894,1,0,0,2.02147427673983,10.3267616684386,"FBN2;NECAB2;PLEKHG3;CYP4F2;LIN7A;ABHD5;CSF2RA;CEACAM3;VNN3;ALDH3B1;CA4;TECPR2;SIGLEC5"
"valproic acid mus musculus gpl6885 gse35291 chdir up","4/498",0.00701431301887769,1,0,0,5.18201839616531,25.701787799108,"HLX;ALDH3B1;CLEC4E;CSF2RA"
"estradiol homo sapiens gpl14550 gse35034 chdir down","2/193",0.0358670030910624,1,0,0,6.68560922614073,22.2492899221409,"CACNA2D3;LIN7A"
"estradiol homo sapiens gpl571 gds4063 chdir up","2/202",0.0389644097123455,1,0,0,6.38773554774832,20.7288829190525,"FBN2;LIN7A"
"prednisolone homo sapiens gpl570 gse32962 chdir down","4/845",0.0402548823415737,1,0,0,3.05401794235541,9.8111058814647,"ALDH3B1;ABHD5;CSF2RA;FCAR"
"isotretinoin homo sapiens gpl571 gds3218 chdir down","1/27",0.0410434463585474,1,0,0,23.89486260454,76.2992617932435,"ABHD5"
"heparin homo sapiens gpl570 gse12710 chdir up","2/211",0.0421608798642322,1,0,0,6.1152728940529,19.3625592742506,"FBN2;FCAR"
"isotretinoin homo sapiens gpl571 gse10433 chdir down","1/29",0.0440179866597661,1,0,0,22.2469410456062,69.4806883397743,"ABHD5"
