"Term","Overlap","P.value","Adjusted.P.value","Old.P.value","Old.Adjusted.P.value","Odds.Ratio","Combined.Score","Genes"
"permethrin rattus norvegicus gpl1355 gds2998 chdir down","3/111",0.000878305615051167,0.613057319305714,0,0,15.8982511923688,111.884196247558,"PELI2;PRR5L;F5"
"arsenic trioxide homo sapiens gpl201 gse48441 chdir up","12/3998",0.0272312399202775,1,0,0,1.76558867669129,6.36210535547425,"TKTL1;GZMM;CD160;CD5;TXK;PELI2;RCAN3;CD7;CACNA2D3;UBASH3A;CD244;SIGLEC5"
"dexamethasone mus musculus gpl5137 gse10900 chdir up","3/408",0.0316127954980825,1,0,0,4.32525951557093,14.9402825238849,"KLRC3;UBASH3A;PADI4"
"imatinib homo sapiens gpl96 gds3044 chdir up","12/4149",0.0355112363053014,1,0,0,1.70133129173578,5.67888412562457,"CDKN2D;TKTL1;CD96;KIR2DS2;SH2D1A;CD7;FLT3LG;TLR8;FPR2;LILRA5;F5;SIGLEC5"
"prednisolone homo sapiens gpl570 gse32962 chdir up","3/430",0.0361029501476948,1,0,0,4.10396716826265,13.6308373273852,"CD96;KLRC3;SIRPG"
"ethanol homo sapiens gpl96 gds2767 chdir up","2/180",0.037433425473311,1,0,0,6.5359477124183,21.4718381991301,"TKTL1;FLT3LG"
"nicotine myzus persicae gpl9470 gse18658 chdir up","4/808",0.046964675959682,1,0,0,2.9120559114735,8.9061139638099,"CDKN2D;TXK;F5;SIGLEC5"
"imatinib homo sapiens gpl96 gds3048 chdir up","10/3363",0.0482408692091736,1,0,0,1.74913854926449,5.30259870964868,"PSTPIP2;KIR2DS2;KLRC3;TXK;RCAN3;CD7;ACSL6;FLT3LG;UBASH3A;PTGDR"
