"Term","Overlap","P.value","Adjusted.P.value","Old.P.value","Old.Adjusted.P.value","Odds.Ratio","Combined.Score","Genes"
"Cyclosporin A-70 mg/kg in Corn Oil-Rat-Spleen-0.25d-dn","2/253",0.00320985968084833,0.119807053620018,0,0,31.4613545816733,180.636250008145,"SMOX;ASGR2"
"Chloroquine-21.95 uM in DMSO-Rat-Primary rat hepatocytes-1d-up","2/278",0.00386075494292475,0.119807053620018,0,0,28.5753623188406,158.790217513345,"SMOX;ASGR2"
"Isoniazid-79 mg/kg in Water-Rat-Liver-3d-up","2/309",0.00474681502757686,0.119807053620018,0,0,25.6495114006515,137.232103928743,"SMOX;ASGR2"
"Carmustine-4 mg/kg in Corn Oil-Rat-Bone marrow-1d-up","2/309",0.00474681502757686,0.119807053620018,0,0,25.6495114006515,137.232103928743,"SMOX;ASGR2"
"Antimycin A-0.03 uM in DMSO-Rat-Primary rat hepatocytes-1d-up","2/319",0.00505106997169803,0.119807053620018,0,0,24.8277602523659,131.293049049746,"SMOX;ASGR2"
