"","Term","Overlap","P.value","Adjusted.P.value","Old.P.value","Old.Adjusted.P.value","Odds.Ratio","Combined.Score","Genes","%DisGeNet","num_DisGeNet","%NCG","num_NCG","%DEGs","num_DEGs"
"1","troglitazone-1232","5/100",1.0845345753342e-06,0.00661566090953859,0,0,27.027027027027,371.198908806172,"GGA2;CCNA1;CDKN1A;GK;CLEC4E",0,0,0,0,0,0
"2","budesonide-1716","5/100",1.0845345753342e-06,0.0033078304547693,0,0,27.027027027027,371.198908806172,"GGA2;CCNA1;ADORA3;NLRP3;IRAK3",20,1,0,0,20,1
"3","carbamazepine-835","4/100",3.42307648755364e-05,0.0417615331481544,0,0,21.6216216216216,222.321854280889,"CDKN1A;SLCO4C1;CYP1B1;IRAK3",25,1,0,0,0,0
